ID,Titulo,Enlace
CSL6LDU8M6[,Cortinas Serie Luces 600 Led Decorativas Usb 8 Modos 6x3 [u,https://www.mercadolibre.com.mx/cortinas-serie-luces-600-led-decorativas-usb-8-modos-6x3-u/p/MLM26894919?pdp_filters=category:MLM1631#searchVariation=MLM26894919&position=2&search_layout=stack&type=product&tracking_id=16c5869c-609b-4999-ad67-c37ca516c9c8
SNC7L1DCCdllM,Serie Navideña Cascada 700 Led 13m Diferentes Colores Color de las luces Multicolor,https://www.mercadolibre.com.mx/serie-navidena-cascada-700-led-13m-diferentes-colores-color-de-las-luces-multicolor/p/MLM28329766?pdp_filters=category:MLM1631#searchVariation=MLM28329766&position=1&search_layout=stack&type=product&tracking_id=16c5869c-609b-4999-ad67-c37ca516c9c8
CDNCÁMT,Cuadros Decorativos Natanael Cano Álbum Music Tracklist,https://articulo.mercadolibre.com.mx/MLM-1921550503-cuadros-decorativos-natanael-cano-album-music-tracklist-_JM#position=23&search_layout=stack&type=item&tracking_id=16c5869c-609b-4999-ad67-c37ca516c9c8
CBODTHA1,Cortinas Black Out Decoracion Textil Hogar Adornos 132x214cm,https://articulo.mercadolibre.com.mx/MLM-2053142372-cortinas-black-out-decoracion-textil-hogar-adornos-132x214cm-_JM#position=24&search_layout=stack&type=item&tracking_id=16c5869c-609b-4999-ad67-c37ca516c9c8
GDLS16FEJ8M,Guirnalda De Luces Solar 11m 60 Foco Exterior Jardin 8 Modos,https://articulo.mercadolibre.com.mx/MLM-1381834382-guirnalda-de-luces-solar-11m-60-foco-exterior-jardin-8-modos-_JM#position=25&search_layout=stack&type=item&tracking_id=16c5869c-609b-4999-ad67-c37ca516c9c8
SCD2LL4LNA,Serie Cascada De 200 Luces Led 4m Luces Navideñas Adorno,https://articulo.mercadolibre.com.mx/MLM-839450176-serie-cascada-de-200-luces-led-4m-luces-navidenas-adorno-_JM#position=26&search_layout=stack&type=item&tracking_id=16c5869c-609b-4999-ad67-c37ca516c9c8
KPD5DFBDÁM,Kit Pintura Diy 5d Diamante Full Bricolaje De Árbol Mágico,https://articulo.mercadolibre.com.mx/MLM-1805490870-kit-pintura-diy-5d-diamante-full-bricolaje-de-arbol-magico-_JM#position=27&search_layout=stack&type=item&tracking_id=16c5869c-609b-4999-ad67-c37ca516c9c8
LDHCPLDC221,Luces De Hadas Con Pilas Luces De Cadena 2m 20led 10piezas,https://articulo.mercadolibre.com.mx/MLM-899767780-luces-de-hadas-con-pilas-luces-de-cadena-2m-20led-10piezas-_JM#position=28&search_layout=stack&type=item&tracking_id=16c5869c-609b-4999-ad67-c37ca516c9c8
3PDSMFL3,30pz Panel Decorativo Shimmer Muro Fiesta Lentejuela 30x30cm,https://click1.mercadolibre.com.mx/mclics/clicks/external/MLM/count?a=Zv1ovDA7TGmYs%2BpgvizmGlevhjSeM8X5pGex5rb34e2W27TdJadj2IIATq0y3AiADqiTOGRVnpnWyNU2G3%2B%2B67NolZ4TQJw1p2%2BAa0JM%2Bha3GziUnRWev7Hlfna1sCAqKkCzIQX%2FqHxY6QvNz0Pf97Ty%2BtZiR%2B1ZUIDwGRpgMg6%2BM%2FqED8H59kcDmGU5TXGp9AcqPsA9IQmKOh2GzsYZ67RLFAZ9pw%2Bu8dTWaPLQq%2FqgMjUgtqXkhct4boDdl61h0K5IWH16TPiyjEW%2FYFbFk1LzNnzCHDUO1efBg0YxcARNWjPxfrPPv3PWrrciYG5zD5hIy9bCH3%2F5YFIcpT%2BfxCh2C%2BHskhj3z9VeIqtHyO8H30HE5BzzIGulWRybBtNkY6I9RWCzwfjI02HoFwaavQx6%2FfNJdkvILvN7HfIl9SkIR5l8jUuSByX5pGpZyaPojlAUn7ICR%2BIxbkgBzdPnDAnxLqcIB%2BEQAnQmhKQGXXjVQdIcIOGjZK8JO7jLfmMDxWsoLWNE8XODf%2FsYVIsHajNJCo7A6LS2Yd8tD3FDyKoXn3Y0%2B6FJxxPuTvLa%2BEi5BCIZkxL1%2BgV6ZWY6Zjr%2F3NdDkqTMQ6g2PSsOGwoDOMkJwJPm%2F55j4AhrKhFGq2P4oMGfduIzOz2q7JEut8xQqClW2WVzcGof%2BbgKToW2eFpnqqCgRokhxsZU2Q9x3C%2FTuvYRGpkn5uA7e27P39WKPaawIg1IPa4%3D&e=mclics%2Fpseudo-search-pads-buybox%2B7708%2Cmclics%2Fbuybox-layout%2B25349%2Cmclics%2Fdifferential-cvr-factor%2B29495%2Cmclics%2Fsearch-list-ad-algorithm%2B16026%2Cmclics%2Fshow-pads-search-list%2B5146%2Cmclics%2Fshow-pads-global%2B5176&rb=x
SLSE2L2M2C,Serie Luces Solares Exterior 240 Led 26 Meters 2pack Color,https://click1.mercadolibre.com.mx/mclics/clicks/external/MLM/count?a=1ArUH90RbO513fHdMuWXxCtqsoI71lMFmYGYx0n88sRD3m%2BEqV%2FCweNcrJTafX9%2BpiUUlAzzhRuL8ZEd7GP7RghI2K2rwBfGOjlxg%2B2Ll3zol2J5t4YVXjwXA0O0Igie3WFxf2jnPZevKHQrtlzML%2FGArSicbd4QkklUpULQfwjNKbETsFWz36ednoQoMnSL9M6vvpsJYeWZ2%2FwijElIX4vUYB8%2BOIY%2FZcNpT18ZkRgZLXeTjHOQRdZH1%2FhhnpgOmL%2FqAXpgMvOIvqW7NjWWnYN3VThFq3WpzZw%2BoAm4V67VZR5dKOurgFAuVBT%2BLSk11Oq751nDFHN3Fn%2BW4bL%2BviTuLmROGYP%2FLaA3uGvOn8p0PCqxDVeDodYe%2BoLYu7cQwEL6bC0WkQEqEWERtDJggu%2B%2FCxt7yv6L%2BpP44HPb%2FKD6NQUOqYRlRmEvUcYAC2x%2BdtYkQGnKfi%2FVyeuz7j%2FwSVLICq%2BUkkJgbEDiJ%2Fj3YidLOa9VPAd4uB531ePWjYFs6o8p9CvL8ZfzcrvPRS%2FKCyGzit7XDKnhMFh9h0sqFms%2BqOAIo95IeyFZKoCP3lnuw0ra2zPHNW8r06xmcTiK4K%2Fnyz7dofZlgRNWw6yEWPHUYvOltim%2FxZiPejBbAD7TXLLujRLdILdkDMtVc8eZkE8KhWT%2FpU5gudBL2jSpn8MrjlP50ByKnxHy%2FhRwm21wWDFt1sE9DR%2BxKZLDkvuetY6uK7faH2o%3D&e=mclics%2Fpseudo-search-pads-buybox%2B7708%2Cmclics%2Fbuybox-layout%2B25349%2Cmclics%2Fdifferential-cvr-factor%2B29495%2Cmclics%2Fsearch-list-ad-algorithm%2B16026%2Cmclics%2Fshow-pads-search-list%2B5146%2Cmclics%2Fshow-pads-global%2B5176&rb=x
SLSE2L2M2,Serie Luces Solares Exterior 240 Led 26 Meters 2pack,https://articulo.mercadolibre.com.mx/MLM-1464717239-serie-luces-solares-exterior-240-led-26-meters-2pack-_JM#position=29&search_layout=stack&type=item&tracking_id=16c5869c-609b-4999-ad67-c37ca516c9c8
SNLN528ACCdllBc,Serie Navideña Luces Navideñas 500led 25m 8modo Alta Calidad Color de las luces Blanco cálido,https://www.mercadolibre.com.mx/serie-navidena-luces-navidenas-500led-25m-8modo-alta-calidad-color-de-las-luces-blanco-calido/p/MLM28338255?pdp_filters=category:MLM1631#searchVariation=MLM28338255&position=4&search_layout=stack&type=product&tracking_id=16c5869c-609b-4999-ad67-c37ca516c9c8
CBPVAT1,Cortina Blackout Para Ventana Aislamiento Térmico 132x214cm,https://articulo.mercadolibre.com.mx/MLM-1439105084-cortina-blackout-para-ventana-aislamiento-termico-132x214cm-_JM#position=30&search_layout=stack&type=item&tracking_id=16c5869c-609b-4999-ad67-c37ca516c9c8
SN2FLM-1CdllBf,Serie Navideña 200 Focos Led Multicolor/frio/cálido - 10m Color de las luces Blanco frio,https://www.mercadolibre.com.mx/serie-navidena-200-focos-led-multicolorfriocalido-10m-color-de-las-luces-blanco-frio/p/MLM28314761?pdp_filters=category:MLM1631#searchVariation=MLM28314761&position=6&search_layout=stack&type=product&tracking_id=16c5869c-609b-4999-ad67-c37ca516c9c8
CDÁDLVPHYR,Cuadro Decorativo Árbol De La Vida Para Hogar Y Recámaras,https://articulo.mercadolibre.com.mx/MLM-1724211461-cuadro-decorativo-arbol-de-la-vida-para-hogar-y-recamaras-_JM#position=31&search_layout=stack&type=item&tracking_id=16c5869c-609b-4999-ad67-c37ca516c9c8
LLDNEA1MACDLLM,Luces Led Decorativas Navideña Efecto Arcoíris 10 Mt App/usb Color De Las Luces Multicolor,https://www.mercadolibre.com.mx/luces-led-decorativas-navidena-efecto-arcoiris-10-mt-appusb-color-de-las-luces-multicolor/p/MLM24826408?pdp_filters=category:MLM1631#searchVariation=MLM24826408&position=3&search_layout=stack&type=product&tracking_id=16c5869c-609b-4999-ad67-c37ca516c9c8
CSL3LDU32P,Cortinas Serie Luces 300 Led Decorativas Usb 3x3m 2 Piezas,https://articulo.mercadolibre.com.mx/MLM-1399852884-cortinas-serie-luces-300-led-decorativas-usb-3x3m-2-piezas-_JM#position=32&search_layout=stack&type=item&tracking_id=16c5869c-609b-4999-ad67-c37ca516c9c8
SNC59BCdllBf,Serie Navideña Cascada 500led 9.6m Blanco/azul/multicolor Color de las luces Blanco frío,https://www.mercadolibre.com.mx/serie-navidena-cascada-500led-96m-blancoazulmulticolor-color-de-las-luces-blanco-frio/p/MLM28199901?pdp_filters=category:MLM1631#searchVariation=MLM28199901&position=7&search_layout=stack&type=product&tracking_id=16c5869c-609b-4999-ad67-c37ca516c9c8
2EAPCD,24 Enredaderas Artificiales Plantas Colgantes Decorativas,https://click1.mercadolibre.com.mx/mclics/clicks/external/MLM/count?a=RQI1hl9TOtwJ0vMPJldqR0k4sNvENYfNTG%2B7%2B6SIc7GwED2A3Vc1VfrhGhmM9NvIcU3fPavfL84vii%2F3%2FGgbxHHABoSlSQEjc3wQpEBXcnEmV03%2B0amfkB2tTua5zK4M6uexKfteSRLKoKz9eAyS0IRjo85N%2BrJ4Kxpq86qUcSQWdmafoAd5Q06kUDrpOqSu%2BayER%2By%2BLmw43PcuSbILDi2pVmuHggqdJSYiBrO2qtMkR7lxshTGHh79qTaYGnaetF3PLXVaMrXgwcobomSO47zZYxB2vqegrD5k%2BHn%2FoZklYn4Me%2BqyrpCoCJQD69VeBwi6WBDM09OD73kUN5YDCF7EOfTnAILbVkxzvS%2BlLlPrKIiVgiMMkMJs%2B0RWrJRBGseZql%2FbtxNhGLV03jaCx21lI8KijOUWHBreOnSr1UevoP%2FFuNPNtcQ8UXU2sGq8OvdXE5fGaecn2YHfLdxhPxfckBfO16R98Wsrp5Q%2Bv0SYCDim8scd1L2FYiadggRCvg5Qg9bszYt1Y259H8Ud7hh8zqdqZG8GR%2FCdoGc6tB3ARbZr4eDHSbK1CoAuCNJUPQQviELE1XuSNW8tXD2jq4nl3E11vTWOa6EBIAopQVjRyVAABGThSgUB6ihfCB2pMSFrRQ1WNa%2BR18AVxqHIPRfyD5BXR2EGcWRBEJ1jemIq%2Fv0scAaZLzRnE%2F%2BxP%2FNThqn6QxG3JPj4lE18e1rDO6C8%2BhYi&e=mclics%2Fpseudo-search-pads-buybox%2B7708%2Cmclics%2Fbuybox-layout%2B25349%2Cmclics%2Fdifferential-cvr-factor%2B29495%2Cmclics%2Fsearch-list-ad-algorithm%2B16026%2Cmclics%2Fshow-pads-search-list%2B5146%2Cmclics%2Fshow-pads-global%2B5176&rb=x
CBOV2D2P,Cortina Blackout Opaca Ventana 264x214cm Dormitorio 2 Panele,https://click1.mercadolibre.com.mx/mclics/clicks/external/MLM/count?a=1diJUT2tt0Ff%2Fd%2BsJc%2FKUKmJKhYOG%2BEX6xGWLwOuVNLAlTqBqI9M%2BHsIuIlqmJUozuet85oLmXWbXMSZ5MQCEVk8GMAd%2B2zejQ%2BG6wm2zi14cwwFlAzFaQFl%2FLp4PnrIq%2FK3TQ9hY8C1jtqgdmYm0TrpUCtzg4PBUFoUp2oM9%2FZFh7uOjfmRzxrA%2BqWRXhcneZFZn9B8SJxTG0QnanfsBgaEp9aG%2BPcqNhIzRVj4rSKIlgkMxFkuQqXjVtKwTuAoRFi5%2B7o%2FPlb%2Bar0lMxj3ehk8BP3KlDrTF7plICuSuRA%2FG9LEdPBnp0jmLQb%2BFU5TYQY7x9LvLt9j5%2B53A7jS7vTRd1tXqWM7qja7MhADEHgqSXu0NvCegw7FCIBScU164bg4u0jb0Z1G%2FW%2BAX04j%2BSWFMM3tz8nYibNKlAygPajNDRXY6iZFXU6bI%2FYh%2BthZPtzBZh6fB9TAHK3y8tdCY%2FG5p%2BrBBaUorNx3%2FcrKh9dyWHtl%2BvfW3%2BWZBW1e2vYD6FsDRAGUYk7gykR6hAffqz61uYkIBYX%2FvzrF5UvDAyRCDbNOHZS%2BEFdv2ssMkvZT05gfnV4nGPravKksJ2lXTbFZ9B1BqR3sIZ6IgW%2FVxUGGmCPcHGGIJS%2B86PlpJDlkMonmcni5yp1mHQx6QhJUGSrJMqU3NGPPGm2Ikd%2B9CAuOepBcaijHD5j4PEGs8vJyFMxhlvrZ9QkfrvHCDaeW7RZgKa%2FeGw0xF14%3D&e=mclics%2Fpseudo-search-pads-buybox%2B7708%2Cmclics%2Fbuybox-layout%2B25349%2Cmclics%2Fdifferential-cvr-factor%2B29495%2Cmclics%2Fsearch-list-ad-algorithm%2B16026%2Cmclics%2Fshow-pads-search-list%2B5146%2Cmclics%2Fshow-pads-global%2B5176&rb=x
CBPV12,"Cortina Blackout Para Ventana 132x214cm, 2pzs",https://articulo.mercadolibre.com.mx/MLM-922680105-cortina-blackout-para-ventana-132x214cm-2pzs-_JM#position=33&search_layout=stack&type=item&tracking_id=16c5869c-609b-4999-ad67-c37ca516c9c8
CDJHDÁ8P,Cuadros Decorativos Junior H Discografía Álbum 8 Piezas,https://articulo.mercadolibre.com.mx/MLM-1962498187-cuadros-decorativos-junior-h-discografia-album-8-piezas-_JM#position=34&search_layout=stack&type=item&tracking_id=16c5869c-609b-4999-ad67-c37ca516c9c8
CLLFNU3BF2,Cortina Luces Led Fiesta Navidad Usb 3x3m Blanco Frio 2pack,https://articulo.mercadolibre.com.mx/MLM-1451318518-cortina-luces-led-fiesta-navidad-usb-3x3m-blanco-frio-2pack-_JM#position=35&search_layout=stack&type=item&tracking_id=16c5869c-609b-4999-ad67-c37ca516c9c8
GDLS16FEJC,Guirnalda De Luces Solar 11m 60 Foco Exterior Jardin Color,https://articulo.mercadolibre.com.mx/MLM-1453783462-guirnalda-de-luces-solar-11m-60-foco-exterior-jardin-color-_JM#position=36&search_layout=stack&type=item&tracking_id=16c5869c-609b-4999-ad67-c37ca516c9c8
SN3FL1MCdllBc,Serie Navideña 300 Focos Led 15m Multicolor/frio/cálido/azul Color de las luces Blanco cálido,https://www.mercadolibre.com.mx/serie-navidena-300-focos-led-15m-multicolorfriocalidoazul-color-de-las-luces-blanco-calido/p/MLM28706661?pdp_filters=category:MLM1631#searchVariation=MLM28706661&position=5&search_layout=stack&type=product&tracking_id=16c5869c-609b-4999-ad67-c37ca516c9c8
SL2L2MSE2,Serie Luces 240 Led 26 Meters Solares Exterior 2pack,https://articulo.mercadolibre.com.mx/MLM-1464710669-serie-luces-240-led-26-meters-solares-exterior-2pack-_JM#position=37&search_layout=stack&type=item&tracking_id=16c5869c-609b-4999-ad67-c37ca516c9c8
SN2FLM-1CdllM,Serie Navideña 200 Focos Led Multicolor/frio/cálido - 10m Color de las luces Multicolor,https://www.mercadolibre.com.mx/serie-navidena-200-focos-led-multicolorfriocalido-10m-color-de-las-luces-multicolor/p/MLM28323026?pdp_filters=category:MLM1631#searchVariation=MLM28323026&position=12&search_layout=stack&type=product&tracking_id=16c5869c-609b-4999-ad67-c37ca516c9c8
CDBBD7P,Cuadros Decorativos Bad Bunny Discografía 7 Piezas,https://articulo.mercadolibre.com.mx/MLM-1491756497-cuadros-decorativos-bad-bunny-discografia-7-piezas-_JM#position=38&search_layout=stack&type=item&tracking_id=16c5869c-609b-4999-ad67-c37ca516c9c8
CBPVTP1,"Cortina Blackout Para Ventana Tres Pisos 132x214cm,2pzs",https://articulo.mercadolibre.com.mx/MLM-1409984151-cortina-blackout-para-ventana-tres-pisos-132x214cm2pzs-_JM#position=39&search_layout=stack&type=item&tracking_id=16c5869c-609b-4999-ad67-c37ca516c9c8
SNC1L1DCCdllM,Serie Navideña Cascada 1000 Led 16m Diferentes Colores Color de las luces Multicolor,https://www.mercadolibre.com.mx/serie-navidena-cascada-1000-led-16m-diferentes-colores-color-de-las-luces-multicolor/p/MLM28355892?pdp_filters=category:MLM1631#searchVariation=MLM28355892&position=8&search_layout=stack&type=product&tracking_id=16c5869c-609b-4999-ad67-c37ca516c9c8
JCDTLTS2P,Juego Cortinas Dobles Traslucidas Larga Tergal Sala 2 Piezas,https://articulo.mercadolibre.com.mx/MLM-1650020523-juego-cortinas-dobles-traslucidas-larga-tergal-sala-2-piezas-_JM#position=40&search_layout=stack&type=item&tracking_id=16c5869c-609b-4999-ad67-c37ca516c9c8
RPP3GNGDM,Reloj Para Pared 3d Grande Negro Gran Diseño Moderno,https://www.mercadolibre.com.mx/reloj-para-pared-3d-grande-negro-gran-diseno-moderno/p/MLM23633787?pdp_filters=category:MLM1631#searchVariation=MLM23633787&position=11&search_layout=stack&type=product&tracking_id=16c5869c-609b-4999-ad67-c37ca516c9c8
SLSE2L2M2C,Serie Luces Solares Exterior 240 Led 26 Meters 2pack Color,https://articulo.mercadolibre.com.mx/MLM-1464672101-serie-luces-solares-exterior-240-led-26-meters-2pack-color-_JM#position=41&search_layout=stack&type=item&tracking_id=16c5869c-609b-4999-ad67-c37ca516c9c8
TSÁMTCCMM,Taylor Swift Álbum Music Tracklist Cuadro Con Marco Madera,https://articulo.mercadolibre.com.mx/MLM-1919007425-taylor-swift-album-music-tracklist-cuadro-con-marco-madera-_JM#position=42&search_layout=stack&type=item&tracking_id=16c5869c-609b-4999-ad67-c37ca516c9c8
SNC3L6DCCDLLBC,Serie Navideña Cascada 300 Led 6m Diferentes Colores Color De Las Luces Blanco Calido,https://www.mercadolibre.com.mx/serie-navidena-cascada-300-led-6m-diferentes-colores-color-de-las-luces-blanco-calido/p/MLM28138640?pdp_filters=category:MLM1631#searchVariation=MLM28138640&position=14&search_layout=stack&type=product&tracking_id=16c5869c-609b-4999-ad67-c37ca516c9c8
1CDLHCP22LF,12piezas Cadena De Luces Hadas Con Pilas 2m 20led Luz Frío,https://articulo.mercadolibre.com.mx/MLM-1448117729-12piezas-cadena-de-luces-hadas-con-pilas-2m-20led-luz-frio-_JM#position=43&search_layout=stack&type=item&tracking_id=16c5869c-609b-4999-ad67-c37ca516c9c8
SNC59BCdllM,Serie Navideña Cascada 500led 9.6m Blanco/azul/multicolor Color de las luces Multicolor,https://www.mercadolibre.com.mx/serie-navidena-cascada-500led-96m-blancoazulmulticolor-color-de-las-luces-multicolor/p/MLM28613963?pdp_filters=category:MLM1631#searchVariation=MLM28613963&position=15&search_layout=stack&type=product&tracking_id=16c5869c-609b-4999-ad67-c37ca516c9c8
PDLNLDNDN,Proyector De Luces Navidad Laser De Navidad Dibujos Navideña,https://articulo.mercadolibre.com.mx/MLM-1540851295-proyector-de-luces-navidad-laser-de-navidad-dibujos-navidena-_JM#position=44&search_layout=stack&type=item&tracking_id=16c5869c-609b-4999-ad67-c37ca516c9c8
GDL2FDEVI,Guirnalda De Luces 25 Focos De Exterior Vintage Impermeable,https://articulo.mercadolibre.com.mx/MLM-858886486-guirnalda-de-luces-25-focos-de-exterior-vintage-impermeable-_JM#position=45&search_layout=stack&type=item&tracking_id=16c5869c-609b-4999-ad67-c37ca516c9c8
4PDPDD5CD,4 Piezas Diy Pinturas De Diamantes 5d Cuadros Decorativos,https://articulo.mercadolibre.com.mx/MLM-1822449942-4-piezas-diy-pinturas-de-diamantes-5d-cuadros-decorativos-_JM#position=46&search_layout=stack&type=item&tracking_id=16c5869c-609b-4999-ad67-c37ca516c9c8
CDBP1AICGL,Cortina De Baño Poliéster 180x180cm+ganchos Acero Inoxidable Color Gris Liso,https://www.mercadolibre.com.mx/cortina-de-bano-poliester-180x180cmganchos-acero-inoxidable-color-gris-liso/p/MLM25860666?pdp_filters=category:MLM1631#searchVariation=MLM25860666&position=13&search_layout=stack&type=product&tracking_id=16c5869c-609b-4999-ad67-c37ca516c9c8
APNAFJ29RCV,Arbol Pino Navidad Artificial Frondoso Jardimex 2.10m 974 Ramas Color Verde,https://www.mercadolibre.com.mx/arbol-pino-navidad-artificial-frondoso-jardimex-210m-974-ramas-color-verde/p/MLM24455307?pdp_filters=category:MLM1631#searchVariation=MLM24455307&position=16&search_layout=stack&type=product&tracking_id=16c5869c-609b-4999-ad67-c37ca516c9c8
CSL2C1PA3,Cortina Serie Luces 240led Con 12pc Plantas Artificiale 3*2m,https://articulo.mercadolibre.com.mx/MLM-1606343578-cortina-serie-luces-240led-con-12pc-plantas-artificiale-32m-_JM#position=47&search_layout=stack&type=item&tracking_id=16c5869c-609b-4999-ad67-c37ca516c9c8
1CDLHCP22LC,12pcs Cadena De Luces Hadas Con Pilas 2m 20led Luz Cálido,https://articulo.mercadolibre.com.mx/MLM-1448142131-12pcs-cadena-de-luces-hadas-con-pilas-2m-20led-luz-calido-_JM#position=48&search_layout=stack&type=item&tracking_id=16c5869c-609b-4999-ad67-c37ca516c9c8
DPDDHCE4P,Diamond Painting Decoración Del Hogar Cielo Estrellado 4 Pk,https://articulo.mercadolibre.com.mx/MLM-1845641935-diamond-painting-decoracion-del-hogar-cielo-estrellado-4-pk-_JM#position=49&search_layout=stack&type=item&tracking_id=16c5869c-609b-4999-ad67-c37ca516c9c8
CRT3*CCA,Cortina Real Textil 3.00x2.30m *varios Colores* Con Argollas,https://articulo.mercadolibre.com.mx/MLM-1351573881-cortina-real-textil-300x230m-varios-colores-con-argollas-_JM#position=50&search_layout=stack&type=item&tracking_id=16c5869c-609b-4999-ad67-c37ca516c9c8
SNC59BCDLLM,Serie Navideña Cascada 500led 9.6m Blanco/azul/multicolor Color De Las Luces Multicolor,https://www.mercadolibre.com.mx/serie-navidena-cascada-500led-96m-blancoazulmulticolor-color-de-las-luces-multicolor/p/MLM28348313?pdp_filters=category:MLM1631#searchVariation=MLM28348313&position=17&search_layout=stack&type=product&tracking_id=16c5869c-609b-4999-ad67-c37ca516c9c8
SNC59BCdllBc,Serie Navideña Cascada 500led 9.6m Blanco/azul/multicolor Color de las luces Blanco cálido,https://www.mercadolibre.com.mx/serie-navidena-cascada-500led-96m-blancoazulmulticolor-color-de-las-luces-blanco-calido/p/MLM28613964?pdp_filters=category:MLM1631#searchVariation=MLM28613964&position=18&search_layout=stack&type=product&tracking_id=16c5869c-609b-4999-ad67-c37ca516c9c8
LYNL3LFLDA,Letras Y Números Led 3d Luces Foco Lampara Decora Abecedario,https://articulo.mercadolibre.com.mx/MLM-1400838862-letras-y-numeros-led-3d-luces-foco-lampara-decora-abecedario-_JM#position=51&search_layout=stack&type=item&tracking_id=16c5869c-609b-4999-ad67-c37ca516c9c8
ADNPA1FFCVTG,Arbol De Navidad Pino Artificial 1.80m Frondoso Follaje Color Verde Tamaño G,https://www.mercadolibre.com.mx/arbol-de-navidad-pino-artificial-180m-frondoso-follaje-color-verde-tamano-g/p/MLM27951477?pdp_filters=category:MLM1631#searchVariation=MLM27951477&position=21&search_layout=stack&type=product&tracking_id=16c5869c-609b-4999-ad67-c37ca516c9c8
KPD5DSLPNJ,Kit Pintura Diamante 5d Diy Sirena Llavero Para Niña Juguete,https://articulo.mercadolibre.com.mx/MLM-1699592762-kit-pintura-diamante-5d-diy-sirena-llavero-para-nina-juguete-_JM#position=52&search_layout=stack&type=item&tracking_id=16c5869c-609b-4999-ad67-c37ca516c9c8
LNSND21FVCdllM,Luces Navideñas Serie Navideña Decorativa 200led 10m Foco V8 Color de las luces Multicolor,https://www.mercadolibre.com.mx/luces-navidenas-serie-navidena-decorativa-200led-10m-foco-v8-color-de-las-luces-multicolor/p/MLM28579229?pdp_filters=category:MLM1631#searchVariation=MLM28579229&position=22&search_layout=stack&type=product&tracking_id=16c5869c-609b-4999-ad67-c37ca516c9c8
CSL3LDU32P,Cortinas Serie Luces 300 Led Decorativas Usb 3x3m 2 Piezas,https://articulo.mercadolibre.com.mx/MLM-1468481050-cortinas-serie-luces-300-led-decorativas-usb-3x3m-2-piezas-_JM#position=53&search_layout=stack&type=item&tracking_id=16c5869c-609b-4999-ad67-c37ca516c9c8
CB2AX2DLE2P,Cortinas Blackout 275cm Ancho X 215cm De Largo En 2 Paneles,https://articulo.mercadolibre.com.mx/MLM-1310468359-cortinas-blackout-275cm-ancho-x-215cm-de-largo-en-2-paneles-_JM#position=54&search_layout=stack&type=item&tracking_id=16c5869c-609b-4999-ad67-c37ca516c9c8
